<?xml version="1.0" ?>
<Network id="0">
    <!-- Includes One Example for each of the Node types -->

    <!-- Saved to NodeArr , LinkArr, StationArr -->

    <!--Individual Node Specification -->
    <nodes>
        <!--Intersection Nodes  DONE-->
        <node id="0" type="intersection" num_port ="8" num_connection="20">

            <port link_id="0" direction="270" type="out" connected_node = "6">
            </port>

            <port link_id="1" direction="270" type="in" connected_node = "6">
            </port>

            <port link_id="2" direction="180" type="out" connected_node = "3">
            </port>

            <port link_id="3" direction="180" type="in" connected_node = "3">
            </port>

            <port link_id="4" direction="0" type="in" connected_node = "7">
            </port>

            <port link_id="5" direction="0" type="out" connected_node = "7">
            </port>

            <port link_id="6" direction="90" type="in" connected_node = "4">
            </port>

            <port link_id="7" direction="90" type="out" connected_node = "4">
            </port>

            <!--From Link 1 -->
            <connection id="0" from_link="1" from_lane="0" to_link="7" to_lane="0" length="12" priority=""/>
            <connection id="1" from_link="1" from_lane="1" to_link="7" to_lane="1" length="12" priority=""/>
            <connection id="2" from_link="1" from_lane="2" to_link="7" to_lane="2" length="12" priority=""/>

            <connection id="3" from_link="1" from_lane="0" to_link="5" to_lane="0" length="9" priority=""/>
            <connection id="4" from_link="1" from_lane="2" to_link="2" to_lane="2" length="3" priority=""/>

            <!--From Link 4 -->
            <connection id="5" from_link="4" from_lane="0" to_link="2" to_lane="0" length="12" priority=""/>
            <connection id="6" from_link="4" from_lane="1" to_link="2" to_lane="1" length="12" priority=""/>
            <connection id="7" from_link="4" from_lane="2" to_link="2" to_lane="2" length="12" priority=""/>

            <connection id="8" from_link="4" from_lane="0" to_link="7" to_lane="0" length="9" priority=""/>
            <connection id="9" from_link="4" from_lane="2" to_link="0" to_lane="2" length="3" priority=""/>

            <!--From Link 6 -->
            <connection id="10" from_link="6" from_lane="0" to_link="0" to_lane="0" length="12" priority=""/>
            <connection id="11" from_link="6" from_lane="1" to_link="0" to_lane="1" length="12" priority=""/>
            <connection id="12" from_link="6" from_lane="2" to_link="0" to_lane="2" length="12" priority=""/>

            <connection id="13" from_link="6" from_lane="0" to_link="2" to_lane="0" length="9" priority=""/>
            <connection id="14" from_link="6" from_lane="2" to_link="5" to_lane="2" length="3" priority=""/>

            <!--From Link 3 -->
            <connection id="15" from_link="3" from_lane="0" to_link="5" to_lane="0" length="12" priority=""/>
            <connection id="16" from_link="3" from_lane="1" to_link="5" to_lane="1" length="12" priority=""/>
            <connection id="17" from_link="3" from_lane="2" to_link="5" to_lane="2" length="12" priority=""/>

            <connection id="18" from_link="3" from_lane="0" to_link="0" to_lane="0" length="9" priority=""/>
            <connection id="19" from_link="3" from_lane="2" to_link="7" to_lane="2" length="3" priority=""/>


            <!--Phase setting -->
            <phase id="0">
                <connection id_ref="0" priority="1" />
                <connection id_ref="1" priority="1" />
                <connection id_ref="2" priority="1" />
                <connection id_ref="3" priority="1" />
                <connection id_ref="4" priority="0.5" />
                <connection id_ref="9" priority="0.1" />
                <connection id_ref="19" priority="0.1" />
                <connection id_ref="14" priority="0.1" />
            </phase>

            <phase id="1">
                <connection id_ref="15" priority="1" />
                <connection id_ref="16" priority="1" />
                <connection id_ref="17" priority="1" />
                <connection id_ref="18" priority="1" />
                <connection id_ref="19" priority="0.5" />
                <connection id_ref="14" priority="0.1" />
                <connection id_ref="9" priority="0.1" />
                <connection id_ref="4" priority="0.1" />
            </phase>

            <phase id="2">
                <connection id_ref="10" priority="1" />
                <connection id_ref="11" priority="1" />
                <connection id_ref="12" priority="1" />
                <connection id_ref="13" priority="1" />
                <connection id_ref="14" priority="0.5" />
                <connection id_ref="9" priority="0.1" />
                <connection id_ref="4" priority="0.1" />
                <connection id_ref="19" priority="0.1" />
            </phase>

            <phase id="3">
                <connection id_ref="5" priority="1" />
                <connection id_ref="6" priority="1" />
                <connection id_ref="7" priority="1" />
                <connection id_ref="8" priority="1" />
                <connection id_ref="9" priority="0.5" />
                <connection id_ref="4" priority="0.1" />
                <connection id_ref="19" priority="0.1" />
                <connection id_ref="14" priority="0.1" />
            </phase>

            <!--Signal Plan -->
            <signal_plan order="0 1 2 3" phase_length="30 30 30 30" offset="0">
            </signal_plan>


        </node>

        <node id="1" type="intersection" num_port ="8" num_connection="20">

            <port link_id="14" direction="270" type="out" connected_node = "4">
            </port>

            <port link_id="15" direction="270" type="in" connected_node = "4">
            </port>

            <port link_id="8" direction="180" type="out" connected_node = "2">
            </port>

            <port link_id="9" direction="180" type="in" connected_node = "2">
            </port>

            <port link_id="10" direction="0" type="in" connected_node = "8">
            </port>

            <port link_id="11" direction="0" type="out" connected_node = "8">
            </port>

            <port link_id="12" direction="90" type="in" connected_node = "9">
            </port>

            <port link_id="13" direction="90" type="out" connected_node = "9">
            </port>

            <!--From Link 15 -->
            <connection id="0" from_link="15" from_lane="0" to_link="13" to_lane="0" length="12" priority=""/>
            <connection id="1" from_link="15" from_lane="1" to_link="13" to_lane="1" length="12" priority=""/>
            <connection id="2" from_link="15" from_lane="2" to_link="13" to_lane="2" length="12" priority=""/>

            <connection id="3" from_link="15" from_lane="0" to_link="11" to_lane="0" length="9" priority=""/>
            <connection id="4" from_link="15" from_lane="2" to_link="8" to_lane="2" length="3" priority=""/>

            <!--From Link 10 -->
            <connection id="5" from_link="10" from_lane="0" to_link="8" to_lane="0" length="12" priority=""/>
            <connection id="6" from_link="10" from_lane="1" to_link="8" to_lane="1" length="12" priority=""/>
            <connection id="7" from_link="10" from_lane="2" to_link="8" to_lane="2" length="12" priority=""/>

            <connection id="8" from_link="10" from_lane="0" to_link="13" to_lane="0" length="9" priority=""/>
            <connection id="9" from_link="10" from_lane="2" to_link="14" to_lane="2" length="3" priority=""/>

            <!--From Link 12 -->
            <connection id="10" from_link="12" from_lane="0" to_link="14" to_lane="0" length="12" priority=""/>
            <connection id="11" from_link="12" from_lane="1" to_link="14" to_lane="1" length="12" priority=""/>
            <connection id="12" from_link="12" from_lane="2" to_link="14" to_lane="2" length="12" priority=""/>

            <connection id="13" from_link="12" from_lane="0" to_link="8" to_lane="0" length="9" priority=""/>
            <connection id="14" from_link="12" from_lane="2" to_link="11" to_lane="2" length="3" priority=""/>

            <!--From Link 9 -->
            <connection id="15" from_link="9" from_lane="0" to_link="11" to_lane="0" length="12" priority=""/>
            <connection id="16" from_link="9" from_lane="1" to_link="11" to_lane="1" length="12" priority=""/>
            <connection id="17" from_link="9" from_lane="2" to_link="11" to_lane="2" length="12" priority=""/>

            <connection id="18" from_link="9" from_lane="0" to_link="14" to_lane="0" length="9" priority=""/>
            <connection id="19" from_link="9" from_lane="2" to_link="13" to_lane="2" length="3" priority=""/>


            <!--Phase setting -->
            <phase id="0">
                <connection id_ref="0" priority="1" />
                <connection id_ref="1" priority="1" />
                <connection id_ref="2" priority="1" />
                <connection id_ref="3" priority="1" />
                <connection id_ref="4" priority="0.5" />
                <connection id_ref="9" priority="0.1" />
                <connection id_ref="19" priority="0.1" />
                <connection id_ref="14" priority="0.1" />
            </phase>

            <phase id="1">
                <connection id_ref="15" priority="1" />
                <connection id_ref="16" priority="1" />
                <connection id_ref="17" priority="1" />
                <connection id_ref="18" priority="1" />
                <connection id_ref="19" priority="0.5" />
                <connection id_ref="14" priority="0.1" />
                <connection id_ref="9" priority="0.1" />
                <connection id_ref="4" priority="0.1" />
            </phase>

            <phase id="2">
                <connection id_ref="10" priority="1" />
                <connection id_ref="11" priority="1" />
                <connection id_ref="12" priority="1" />
                <connection id_ref="13" priority="1" />
                <connection id_ref="14" priority="0.5" />
                <connection id_ref="9" priority="0.1" />
                <connection id_ref="4" priority="0.1" />
                <connection id_ref="19" priority="0.1" />
            </phase>

            <phase id="3">
                <connection id_ref="5" priority="1" />
                <connection id_ref="6" priority="1" />
                <connection id_ref="7" priority="1" />
                <connection id_ref="8" priority="1" />
                <connection id_ref="9" priority="0.5" />
                <connection id_ref="4" priority="0.1" />
                <connection id_ref="19" priority="0.1" />
                <connection id_ref="14" priority="0.1" />
            </phase>

            <!--Signal Plan -->
            <signal_plan order="0 1 2 3" phase_length="30 30 30 30" offset="0">
            </signal_plan>


        </node>

        <node id="2" type="intersection" num_port ="8" num_connection="20">

            <port link_id="22" direction="270" type="out" connected_node = "5">
            </port>

            <port link_id="23" direction="270" type="in" connected_node = "5">
            </port>

            <port link_id="24" direction="180" type="out" connected_node = "11">
            </port>

            <port link_id="25" direction="180" type="in" connected_node = "11">
            </port>

            <port link_id="8" direction="0" type="in" connected_node = "1">
            </port>

            <port link_id="9" direction="0" type="out" connected_node = "1">
            </port>

            <port link_id="27" direction="90" type="in" connected_node = "10">
            </port>

            <port link_id="26" direction="90" type="out" connected_node = "10">
            </port>

            <!--From Link 23 -->
            <connection id="0" from_link="23" from_lane="0" to_link="26" to_lane="0" length="12" priority=""/>
            <connection id="1" from_link="23" from_lane="1" to_link="26" to_lane="1" length="12" priority=""/>
            <connection id="2" from_link="23" from_lane="2" to_link="26" to_lane="2" length="12" priority=""/>

            <connection id="3" from_link="23" from_lane="0" to_link="9" to_lane="0" length="9" priority=""/>
            <connection id="4" from_link="23" from_lane="2" to_link="24" to_lane="2" length="3" priority=""/>

            <!--From Link 8 -->
            <connection id="5" from_link="8" from_lane="0" to_link="24" to_lane="0" length="12" priority=""/>
            <connection id="6" from_link="8" from_lane="1" to_link="24" to_lane="1" length="12" priority=""/>
            <connection id="7" from_link="8" from_lane="2" to_link="24" to_lane="2" length="12" priority=""/>

            <connection id="8" from_link="8" from_lane="0" to_link="26" to_lane="0" length="9" priority=""/>
            <connection id="9" from_link="8" from_lane="2" to_link="22" to_lane="2" length="3" priority=""/>

            <!--From Link 27 -->
            <connection id="10" from_link="27" from_lane="0" to_link="22" to_lane="0" length="12" priority=""/>
            <connection id="11" from_link="27" from_lane="1" to_link="22" to_lane="1" length="12" priority=""/>
            <connection id="12" from_link="27" from_lane="2" to_link="22" to_lane="2" length="12" priority=""/>

            <connection id="13" from_link="27" from_lane="0" to_link="24" to_lane="0" length="9" priority=""/>
            <connection id="14" from_link="27" from_lane="2" to_link="9" to_lane="2" length="3" priority=""/>

            <!--From Link 25 -->
            <connection id="15" from_link="25" from_lane="0" to_link="9" to_lane="0" length="12" priority=""/>
            <connection id="16" from_link="25" from_lane="1" to_link="9" to_lane="1" length="12" priority=""/>
            <connection id="17" from_link="25" from_lane="2" to_link="9" to_lane="2" length="12" priority=""/>

            <connection id="18" from_link="25" from_lane="0" to_link="22" to_lane="0" length="9" priority=""/>
            <connection id="19" from_link="25" from_lane="2" to_link="26" to_lane="2" length="3" priority=""/>


            <!--Phase setting -->
            <phase id="0">
                <connection id_ref="0" priority="1" />
                <connection id_ref="1" priority="1" />
                <connection id_ref="2" priority="1" />
                <connection id_ref="3" priority="1" />
                <connection id_ref="4" priority="0.5" />
                <connection id_ref="9" priority="0.1" />
                <connection id_ref="19" priority="0.1" />
                <connection id_ref="14" priority="0.1" />
            </phase>

            <phase id="1">
                <connection id_ref="15" priority="1" />
                <connection id_ref="16" priority="1" />
                <connection id_ref="17" priority="1" />
                <connection id_ref="18" priority="1" />
                <connection id_ref="19" priority="0.5" />
                <connection id_ref="14" priority="0.1" />
                <connection id_ref="9" priority="0.1" />
                <connection id_ref="4" priority="0.1" />
            </phase>

            <phase id="2">
                <connection id_ref="10" priority="1" />
                <connection id_ref="11" priority="1" />
                <connection id_ref="12" priority="1" />
                <connection id_ref="13" priority="1" />
                <connection id_ref="14" priority="0.5" />
                <connection id_ref="9" priority="0.1" />
                <connection id_ref="4" priority="0.1" />
                <connection id_ref="19" priority="0.1" />
            </phase>

            <phase id="3">
                <connection id_ref="5" priority="1" />
                <connection id_ref="6" priority="1" />
                <connection id_ref="7" priority="1" />
                <connection id_ref="8" priority="1" />
                <connection id_ref="9" priority="0.5" />
                <connection id_ref="4" priority="0.1" />
                <connection id_ref="19" priority="0.1" />
                <connection id_ref="14" priority="0.1" />
            </phase>

            <!--Signal Plan -->
            <signal_plan order="0 1 2 3" phase_length="30 30 30 30" offset="0">
            </signal_plan>


        </node>

        <node id="3" type="intersection" num_port ="8" num_connection="20">

            <port link_id="16" direction="270" type="out" connected_node = "13">
            </port>

            <port link_id="17" direction="270" type="in" connected_node = "13">
            </port>

            <port link_id="18" direction="180" type="out" connected_node = "12">
            </port>

            <port link_id="19" direction="180" type="in" connected_node = "12">
            </port>

            <port link_id="2" direction="0" type="in" connected_node = "0">
            </port>

            <port link_id="3" direction="0" type="out" connected_node = "0">
            </port>

            <port link_id="20" direction="90" type="in" connected_node = "5">
            </port>

            <port link_id="21" direction="90" type="out" connected_node = "5">
            </port>

            <!--From Link 17 -->
            <connection id="0" from_link="17" from_lane="0" to_link="21" to_lane="0" length="12" priority=""/>
            <connection id="1" from_link="17" from_lane="1" to_link="21" to_lane="1" length="12" priority=""/>
            <connection id="2" from_link="17" from_lane="2" to_link="21" to_lane="2" length="12" priority=""/>

            <connection id="3" from_link="17" from_lane="0" to_link="3" to_lane="0" length="9" priority=""/>
            <connection id="4" from_link="17" from_lane="2" to_link="18" to_lane="2" length="3" priority=""/>

            <!--From Link 2 -->
            <connection id="5" from_link="2" from_lane="0" to_link="18" to_lane="0" length="12" priority=""/>
            <connection id="6" from_link="2" from_lane="1" to_link="18" to_lane="1" length="12" priority=""/>
            <connection id="7" from_link="2" from_lane="2" to_link="18" to_lane="2" length="12" priority=""/>

            <connection id="8" from_link="2" from_lane="0" to_link="21" to_lane="0" length="9" priority=""/>
            <connection id="9" from_link="2" from_lane="2" to_link="16" to_lane="2" length="3" priority=""/>

            <!--From Link 20 -->
            <connection id="10" from_link="20" from_lane="0" to_link="16" to_lane="0" length="12" priority=""/>
            <connection id="11" from_link="20" from_lane="1" to_link="16" to_lane="1" length="12" priority=""/>
            <connection id="12" from_link="20" from_lane="2" to_link="16" to_lane="2" length="12" priority=""/>

            <connection id="13" from_link="20" from_lane="0" to_link="18" to_lane="0" length="9" priority=""/>
            <connection id="14" from_link="20" from_lane="2" to_link="3" to_lane="2" length="3" priority=""/>

            <!--From Link 19 -->
            <connection id="15" from_link="19" from_lane="0" to_link="3" to_lane="0" length="12" priority=""/>
            <connection id="16" from_link="19" from_lane="1" to_link="3" to_lane="1" length="12" priority=""/>
            <connection id="17" from_link="19" from_lane="2" to_link="3" to_lane="2" length="12" priority=""/>

            <connection id="18" from_link="19" from_lane="0" to_link="16" to_lane="0" length="9" priority=""/>
            <connection id="19" from_link="19" from_lane="2" to_link="21" to_lane="2" length="3" priority=""/>


            <!--Phase setting -->
            <phase id="0">
                <connection id_ref="0" priority="1" />
                <connection id_ref="1" priority="1" />
                <connection id_ref="2" priority="1" />
                <connection id_ref="3" priority="1" />
                <connection id_ref="4" priority="0.5" />
                <connection id_ref="9" priority="0.1" />
                <connection id_ref="19" priority="0.1" />
                <connection id_ref="14" priority="0.1" />
            </phase>

            <phase id="1">
                <connection id_ref="15" priority="1" />
                <connection id_ref="16" priority="1" />
                <connection id_ref="17" priority="1" />
                <connection id_ref="18" priority="1" />
                <connection id_ref="19" priority="0.5" />
                <connection id_ref="14" priority="0.1" />
                <connection id_ref="9" priority="0.1" />
                <connection id_ref="4" priority="0.1" />
            </phase>

            <phase id="2">
                <connection id_ref="10" priority="1" />
                <connection id_ref="11" priority="1" />
                <connection id_ref="12" priority="1" />
                <connection id_ref="13" priority="1" />
                <connection id_ref="14" priority="0.5" />
                <connection id_ref="9" priority="0.1" />
                <connection id_ref="4" priority="0.1" />
                <connection id_ref="19" priority="0.1" />
            </phase>

            <phase id="3">
                <connection id_ref="5" priority="1" />
                <connection id_ref="6" priority="1" />
                <connection id_ref="7" priority="1" />
                <connection id_ref="8" priority="1" />
                <connection id_ref="9" priority="0.5" />
                <connection id_ref="4" priority="0.1" />
                <connection id_ref="19" priority="0.1" />
                <connection id_ref="14" priority="0.1" />
            </phase>

            <!--Signal Plan -->
            <signal_plan order="0 1 2 3" phase_length="30 30 30 30" offset="0">
            </signal_plan>


        </node>



        <!--Normal/Relay Nodes DONE-->
        <node id="4" type="normal" num_port="4">
            <port link_id="6" direction="270" type="out" connected_node = "0">
            </port>
            <port link_id="7" direction="270" type="in" connected_node = "0">
            </port>
            <port link_id="14" direction="90" type="in" connected_node = "1">
            </port>
            <port link_id="15" direction="90" type="out" connected_node = "1">
            </port>
        </node>

        <node id="5" type="normal" num_port="4">
            <port link_id="20" direction="270" type="out" connected_node = "3">
            </port>
            <port link_id="21" direction="270" type="in" connected_node = "3">
            </port>
            <port link_id="22" direction="90" type="in" connected_node = "2">
            </port>
            <port link_id="23" direction="90" type="out" connected_node = "2">
            </port>
        </node>

        <!--Sink/Source Nodes  DONE-->
        <node id="6" type="terminal" num_port="2">
            <port link_id="0" direction="90" type="in" connected_node = "0">
            </port>
            <port link_id="1" direction="90" type="out" connected_node = "0">
            </port>
        </node>

        <node id="7" type="terminal" num_port="2">
            <port link_id="5" direction="180" type="in" connected_node = "0">
            </port>
            <port link_id="4" direction="180" type="out" connected_node = "0">
            </port>
        </node>

        <node id="8" type="terminal" num_port="2">
            <port link_id="11" direction="180" type="in" connected_node = "1">
            </port>
            <port link_id="10" direction="180" type="out" connected_node = "1">
            </port>
        </node>

        <node id="9" type="terminal" num_port="2">
            <port link_id="13" direction="270" type="in" connected_node = "1">
            </port>
            <port link_id="12" direction="270" type="out" connected_node = "1">
            </port>
        </node>

        <node id="10" type="terminal" num_port="2">
            <port link_id="26" direction="270" type="in" connected_node = "2">
            </port>
            <port link_id="27" direction="270" type="out" connected_node = "2">
            </port>
        </node>

        <node id="11" type="terminal" num_port="2">
            <port link_id="24" direction="0" type="in" connected_node = "2">
            </port>
            <port link_id="25" direction="0" type="out" connected_node = "2">
            </port>
        </node>

        <node id="12" type="terminal" num_port="2">
            <port link_id="18" direction="0" type="in" connected_node = "3">
            </port>
            <port link_id="19" direction="0" type="out" connected_node = "3">
            </port>
        </node>

        <node id="13" type="terminal" num_port="2">
            <port link_id="16" direction="90" type="in" connected_node = "3">
            </port>
            <port link_id="17" dsirection="90" type="out" connected_node = "3">
            </port>
        </node>

        <!--End of Nodes -->
    </nodes>


    <!--Station Specifications DONE -->
    <stations>
        <station id="1" link_ref="0" lane_ref="2" pos="10">
        <station id="2" link_ref="14" lane_ref="2" pos="10">
        <station id="3" link_ref="2" lane_ref="2" pos="10">
        <station id="4" link_ref="20" lane_ref="2" pos="10">
        <station id="5" link_ref="23" lane_ref="2" pos="10">
        <station id="6" link_ref="26" lane_ref="2" pos="10">
    </stations>


    <!--Individual Link Specification DONE-->
    <links>
        <link id="0" type="straight" num_lane="3" num_sect="2" ffspeed="40" max_spd="" min_spd="" length="300" width="3" qmax ="1500" waveSpd="15" maxVeh="14">
            <lane id="0">
            </lane>
            <lane id="1">
            </lane>
            <lane id="2">
            </lane>
        </link>

        <link id="1" type="straight" num_lane="3" num_sect="2" ffspeed="40" max_spd="" min_spd="" length="300" width="3" qmax ="1500" waveSpd="15" maxVeh="14">
            <lane id="0">
            </lane>
            <lane id="1">
            </lane>
            <lane id="2">
            </lane>
        </link>

        <link id="2" type="straight" num_lane="3" num_sect="2" ffspeed="40" max_spd="" min_spd="" length="300" width="3" qmax ="1500" waveSpd="15" maxVeh="14">
            <lane id="0">
            </lane>
            <lane id="1">
            </lane>
            <lane id="2">
            </lane>
        </link>

        <link id="3" type="straight" num_lane="3" num_sect="2" ffspeed="40" max_spd="" min_spd="" length="300" width="3" qmax ="1500" waveSpd="15" maxVeh="14">
            <lane id="0">
            </lane>
            <lane id="1">
            </lane>
            <lane id="2">
            </lane>
        </link>

        <link id="4" type="straight" num_lane="3" num_sect="2" ffspeed="40" max_spd="" min_spd="" length="300" width="3" qmax ="1500" waveSpd="15" maxVeh="14">
            <lane id="0">
            </lane>
            <lane id="1">
            </lane>
            <lane id="2">
            </lane>
        </link>

        <link id="5" type="straight" num_lane="3" num_sect="2" ffspeed="40" max_spd="" min_spd="" length="300" width="3" qmax ="1500" waveSpd="15" maxVeh="14">
            <lane id="0">
            </lane>
            <lane id="1">
            </lane>
            <lane id="2">
            </lane>
        </link>

        <link id="6" type="straight" num_lane="3" num_sect="2" ffspeed="40" max_spd="" min_spd="" length="300" width="3" qmax ="1500" waveSpd="15" maxVeh="14">
            <lane id="0">
            </lane>
            <lane id="1">
            </lane>
            <lane id="2">
            </lane>
        </link>

        <link id="7" type="straight" num_lane="3" num_sect="2" ffspeed="40" max_spd="" min_spd="" length="300" width="3" qmax ="1500" waveSpd="15" maxVeh="14">
            <lane id="0">
            </lane>
            <lane id="1">
            </lane>
            <lane id="2">
            </lane>
        </link>

        <link id="8" type="straight" num_lane="3" num_sect="2" ffspeed="40" max_spd="" min_spd="" length="300" width="3" qmax ="1500" waveSpd="15" maxVeh="14">
            <lane id="0">
            </lane>
            <lane id="1">
            </lane>
            <lane id="2">
            </lane>
        </link>

        <link id="9" type="straight" num_lane="3" num_sect="2" ffspeed="40" max_spd="" min_spd="" length="300" width="3" qmax ="1500" waveSpd="15" maxVeh="14">
            <lane id="0">
            </lane>
            <lane id="1">
            </lane>
            <lane id="2">
            </lane>
        </link>

        <link id="10" type="straight" num_lane="3" num_sect="2" ffspeed="40" max_spd="" min_spd="" length="300" width="3" qmax ="1500" waveSpd="15" maxVeh="14">
            <lane id="0">
            </lane>
            <lane id="1">
            </lane>
            <lane id="2">
            </lane>
        </link>

        <link id="11" type="straight" num_lane="3" num_sect="2" ffspeed="40" max_spd="" min_spd="" length="300" width="3" qmax ="1500" waveSpd="15" maxVeh="14">
            <lane id="0">
            </lane>
            <lane id="1">
            </lane>
            <lane id="2">
            </lane>
        </link>

        <link id="12" type="straight" num_lane="3" num_sect="2" ffspeed="40" max_spd="" min_spd="" length="300" width="3" qmax ="1500" waveSpd="15" maxVeh="14">
            <lane id="0">
            </lane>
            <lane id="1">
            </lane>
            <lane id="2">
            </lane>
        </link>

        <link id="13" type="straight" num_lane="3" num_sect="2" ffspeed="40" max_spd="" min_spd="" length="300" width="3" qmax ="1500" waveSpd="15" maxVeh="14">
            <lane id="0">
            </lane>
            <lane id="1">
            </lane>
            <lane id="2">
            </lane>
        </link>

        <link id="14" type="straight" num_lane="3" num_sect="2" ffspeed="40" max_spd="" min_spd="" length="300" width="3" qmax ="1500" waveSpd="15" maxVeh="14">
            <lane id="0">
            </lane>
            <lane id="1">
            </lane>
            <lane id="2">
            </lane>
        </link>

        <link id="15" type="straight" num_lane="3" num_sect="2" ffspeed="40" max_spd="" min_spd="" length="300" width="3" qmax ="1500" waveSpd="15" maxVeh="14">
            <lane id="0">
            </lane>
            <lane id="1">
            </lane>
            <lane id="2">
            </lane>
        </link>

        <link id="16" type="straight" num_lane="3" num_sect="2" ffspeed="40" max_spd="" min_spd="" length="300" width="3" qmax ="1500" waveSpd="15" maxVeh="14">
            <lane id="0">
            </lane>
            <lane id="1">
            </lane>
            <lane id="2">
            </lane>
        </link>

        <link id="17" type="straight" num_lane="3" num_sect="2" ffspeed="40" max_spd="" min_spd="" length="300" width="3" qmax ="1500" waveSpd="15" maxVeh="14">
            <lane id="0">
            </lane>
            <lane id="1">
            </lane>
            <lane id="2">
            </lane>
        </link>

        <link id="18" type="straight" num_lane="3" num_sect="2" ffspeed="40" max_spd="" min_spd="" length="300" width="3" qmax ="1500" waveSpd="15" maxVeh="14">
            <lane id="0">
            </lane>
            <lane id="1">
            </lane>
            <lane id="2">
            </lane>
        </link>

        <link id="19" type="straight" num_lane="3" num_sect="2" ffspeed="40" max_spd="" min_spd="" length="300" width="3" qmax ="1500" waveSpd="15" maxVeh="14">
            <lane id="0">
            </lane>
            <lane id="1">
            </lane>
            <lane id="2">
            </lane>
        </link>

        <link id="20" type="straight" num_lane="3" num_sect="2" ffspeed="40" max_spd="" min_spd="" length="300" width="3" qmax ="1500" waveSpd="15" maxVeh="14">
            <lane id="0">
            </lane>
            <lane id="1">
            </lane>
            <lane id="2">
            </lane>
        </link>

        <link id="21" type="straight" num_lane="3" num_sect="2" ffspeed="40" max_spd="" min_spd="" length="300" width="3" qmax ="1500" waveSpd="15" maxVeh="14">
            <lane id="0">
            </lane>
            <lane id="1">
            </lane>
            <lane id="2">
            </lane>
        </link>

        <link id="22" type="straight" num_lane="3" num_sect="2" ffspeed="40" max_spd="" min_spd="" length="300" width="3" qmax ="1500" waveSpd="15" maxVeh="14">
            <lane id="0">
            </lane>
            <lane id="1">
            </lane>
            <lane id="2">
            </lane>
        </link>

        <link id="23" type="straight" num_lane="3" num_sect="2" ffspeed="40" max_spd="" min_spd="" length="300" width="3" qmax ="1500" waveSpd="15" maxVeh="14">
            <lane id="0">
            </lane>
            <lane id="1">
            </lane>
            <lane id="2">
            </lane>
        </link>

        <link id="24" type="straight" num_lane="3" num_sect="2" ffspeed="40" max_spd="" min_spd="" length="300" width="3" qmax ="1500" waveSpd="15" maxVeh="14">
            <lane id="0">
            </lane>
            <lane id="1">
            </lane>
            <lane id="2">
            </lane>
        </link>

        <link id="25" type="straight" num_lane="3" num_sect="2" ffspeed="40" max_spd="" min_spd="" length="300" width="3" qmax ="1500" waveSpd="15" maxVeh="14">
            <lane id="0">
            </lane>
            <lane id="1">
            </lane>
            <lane id="2">
            </lane>
        </link>

        <link id="26" type="straight" num_lane="3" num_sect="2" ffspeed="40" max_spd="" min_spd="" length="300" width="3" qmax ="1500" waveSpd="15" maxVeh="14">
            <lane id="0">
            </lane>
            <lane id="1">
            </lane>
            <lane id="2">
            </lane>
        </link>

        <link id="27" type="straight" num_lane="3" num_sect="2" ffspeed="40" max_spd="" min_spd="" length="300" width="3" qmax ="1500" waveSpd="15" maxVeh="14">
            <lane id="0">
            </lane>
            <lane id="1">
            </lane>
            <lane id="2">
            </lane>
        </link>

    </links>

</Network>
